<?xml version="1.0" encoding="UTF-8"?>
<beans xmlns="http://www.springframework.org/schema/beans"
	xmlns:xsi="http://www.w3.org/2001/XMLSchema-instance"
	xmlns:context="http://www.springframework.org/schema/context"
	xmlns:p="http://www.springframework.org/schema/p"
	xsi:schemaLocation="http://www.springframework.org/schema/beans
    http://www.springframework.org/schema/beans/spring-beans.xsd
    http://www.springframework.org/schema/context
    http://www.springframework.org/schema/context/spring-context.xsd">

	<bean name="customer"
		class="com.sai.spring.springcore.map.Customer">
		<property name="id" value="20"></property>
		<property name="products">
			<map>
				<entry key="1" value="soap"></entry>
				<entry key="2" value="mobile"></entry>
				<entry key="3">
					<value>tab</value>
				</entry>
			</map>
		</property>
	</bean>
</beans>